ticker,company_name,quarter,currency,revenue,cogs_cost_of_revenue,gross_profit,operating_expenses,operating_income,pretax_income,income_tax_expense,net_income,eps_basic,eps_diluted,consensus_eps_actual,consensus_eps_estimate,consensus_eps_surprise_pct,consensus_revenue_actual,consensus_revenue_estimate,consensus_revenue_surprise_pct,cash_and_equivalents,total_assets,total_liabilities,shareholders_equity,total_debt,operating_cash_flow,capital_expenditures,free_cash_flow,dividends_paid,share_repurchases,gross_margin,operating_margin,net_margin,free_cash_flow_margin,ebitda,revenue_qoq_growth,data_source,sec_filing_date,sec_filing_form,expected_vs_actual_source,expected_vs_actual_note,has_derived_q4_values,guidance_source,guidance_text,guidance_issued_date,guidance_target_period,guidance_revenue_low,guidance_revenue_high,guidance_revenue_mid,guidance_revenue_consensus,guidance_revenue_surprise_pct,guidance_eps_low,guidance_eps_high,guidance_eps_mid,guidance_eps_consensus,guidance_eps_surprise_pct,guidance_leakage_safe,guidance_excluded_reason,guidance_report_date,guidance_revenue_mid_vs_reported_pct,guidance_eps_mid_vs_actual_pct,guidance_cutoff_rule
MSFT,MICROSOFT CORP,CY2025Q1,USD,70066000000,21919000000,48147000000,16147000000,32000000000,31377000000,5553000000,25824000000,3.47,3.46,,,,,,,28828000000,562624000000,240733000000,321891000000,39882000000,37044000000,16745000000,20299000000,6169000000,4781000000,0.6871663859789342,0.456712242742557,0.3685667798932435,0.2897125567322239,,,SEC companyfacts,2026-04-29,10-Q,,,true,,,,,,,,,,,,,,,,,,,,
MSFT,MICROSOFT CORP,CY2025Q2,USD,76441000000,24014000000,52427000000,18104000000,34323000000,32616000000,5383000000,27233000000,,,,,,,,,30242000000,619003000000,275524000000,343479000000,40152000000,42647000000,17079000000,25568000000,6169000000,4546000000,0.6858492170432098,0.44901296424693554,0.3562616920239139,0.3344801873340223,,0.09098564210886878,SEC companyfacts,2025-07-30,10-K,,,true,,,,,,,,,,,,,,,,,,,,
MSFT,MICROSOFT CORP,CY2025Q3,USD,77673000000,24043000000,53630000000,15669000000,37961000000,34301000000,6554000000,27747000000,3.73,3.72,,,,,,,28849000000,636351000000,273275000000,363076000000,35376000000,45057000000,19394000000,25663000000,6169000000,5650000000,0.6904587179586213,0.48872838695557014,0.35722838051832684,0.33039795038172853,,0.016117005272039873,SEC companyfacts,2025-10-29,10-Q,,,false,,,,,,,,,,,,,,,,,,,,
MSFT,MICROSOFT CORP,CY2025Q4,USD,81273000000,25978000000,55295000000,17020000000,38275000000,48246000000,9788000000,38458000000,5.18,5.16,,,,,,,24296000000,665302000000,274427000000,390875000000,35425000000,35758000000,29876000000,5882000000,6762000000,7415000000,0.6803612515841669,0.47094360980891564,0.473195280105324,0.07237335892608862,,0.04634815186744429,SEC companyfacts,2026-01-28,10-Q,,,false,,,,,,,,,,,,,,,,,,,,
MSFT,MICROSOFT CORP,CY2026Q1,USD,82886000000,26828000000,56058000000,17660000000,38398000000,39340000000,7562000000,31778000000,4.28,4.27,,,,,,,32105000000,694228000000,279861000000,414367000000,31423000000,46679000000,30876000000,15803000000,6756000000,4627000000,0.6763265207634582,0.46326279468185216,0.3833940593103781,0.19065945998117897,,0.019846689552495907,SEC companyfacts,2026-04-29,10-Q,,,false,,,,,,,,,,,,,,,,,,,,
AAPL,Apple Inc.,CY2025Q1,USD,95359000000,50492000000,44867000000,15278000000,29589000000,29310000000,4530000000,24780000000,1.65,1.65,,,,,,,28162000000,331233000000,264437000000,66796000000,78566000000,,,,,,0.47050619238876246,0.31029058610094484,0.25986010759341016,,,,SEC companyfacts,2026-05-01,10-Q,,,false,,,,,,,,,,,,,,,,,,,,
AAPL,Apple Inc.,CY2025Q2,USD,94036000000,50318000000,43718000000,15516000000,28202000000,28031000000,4597000000,23434000000,1.57,1.57,,,,,,,36269000000,331495000000,265665000000,65830000000,82430000000,27867000000,3462000000,24405000000,3945000000,21075000000,0.4649070568718363,0.2999064188183249,0.24920243311072354,0.25952826577055593,31032000000,-0.013873887100326136,SEC companyfacts,2025-08-01,10-Q,,,true,,,,,,,,,,,,,,,,,,,,
AAPL,Apple Inc.,CY2025Q3,USD,102466000000,54125000000,48341000000,15914000000,32427000000,32804000000,5338000000,27466000000,,,,,,,,,35934000000,359241000000,285508000000,73733000000,78328000000,29728000000,3242000000,26486000000,3862000000,20132000000,0.47177600374758455,0.3164659496808698,0.2680498897195167,0.2584857416118517,35554000000,0.08964651835467267,SEC companyfacts,2025-10-31,10-K,,,true,,,,,,,,,,,,,,,,,,,,
AAPL,Apple Inc.,CY2025Q4,USD,143756000000,74525000000,69231000000,18379000000,50852000000,51002000000,8905000000,42097000000,2.85,2.84,,,,,,,45317000000,379297000000,291107000000,88190000000,76685000000,53925000000,2373000000,51552000000,3921000000,24701000000,0.4815868555051615,0.35373827875010433,0.292836472912435,0.3586076407245611,54066000000,0.4029629340464154,SEC companyfacts,2026-01-30,10-Q,,,false,,,,,,,,,,,,,,,,,,,,
AAPL,Apple Inc.,CY2026Q1,USD,111184000000,56403000000,54781000000,18896000000,35885000000,35833000000,6255000000,29578000000,2.02,2.01,,,,,,,45572000000,371082000000,264591000000,106491000000,74404000000,,,,,,0.4927057850050367,0.32275327385235286,0.2660274859692042,,,-0.22657836890286318,SEC companyfacts,2026-05-01,10-Q,,,false,,,,,,,,,,,,,,,,,,,,
NVDA,NVIDIA CORP,CY2025Q1,USD,44062000000,17394000000,26668000000,5030000000,21638000000,21910000000,3135000000,18775000000,0.77,0.76,,,,,,,15234000000,125254000000,41411000000,83843000000,8464000000,27414000000,1227000000,26187000000,244000000,14095000000,0.6052380736235304,0.49108074985248057,0.4261041260042667,0.5943216376923426,22249000000,,SEC companyfacts,2025-05-28,10-Q,,,true,,,,,,,,,,,,,,,,,,,,
NVDA,NVIDIA CORP,CY2025Q2,USD,46743000000,12890000000,33853000000,5413000000,28440000000,31206000000,4784000000,26422000000,1.08,1.08,,,,,,,11639000000,140740000000,40609000000,100131000000,8466000000,,,,244000000,,0.724236784117408,0.6084333483088377,0.5652611086151937,,,0.060846080522899554,SEC companyfacts,2025-08-27,10-Q,,,false,,,,,,,,,,,,,,,,,,,,
NVDA,NVIDIA CORP,CY2025Q3,USD,57006000000,15157000000,41849000000,5839000000,36010000000,37936000000,6026000000,31910000000,1.31,1.3,,,,,,,11486000000,161148000000,42251000000,118897000000,7468000000,,,,,,0.7341157071185489,0.6316878925025436,0.5597656387046978,,,0.2195622874013221,SEC companyfacts,2025-11-19,10-Q,,,false,,,,,,,,,,,,,,,,,,,,
NVDA,NVIDIA CORP,CY2025Q4,USD,68127000000,17034000000,51093000000,6794000000,44299000000,50398000000,7438000000,42960000000,,,,,,,,,10605000000,206803000000,49510000000,157293000000,7469000000,,,,,,0.7499669734466511,0.6502414608011508,0.630586991941521,,,0.1950847279233765,SEC companyfacts,2026-02-25,10-K,,,true,,,,,,,,,,,,,,,,,,,,
NVDA,NVIDIA CORP,CY2026Q1,,,,,,,,,,,,,,,,,,,,,,,,,,,,,,,,,,SEC companyfacts,,,,,true,,,,,,,,,,,,,,,,,,,,
GOOGL,Alphabet Inc.,CY2025Q1,USD,90234000000,36361000000,53873000000,59628000000,30606000000,41789000000,7249000000,34540000000,2.84,2.81,,,,,,,23264000000,475374000000,130107000000,345267000000,10886000000,36150000000,17197000000,18953000000,2434000000,15068000000,0.5970365937451515,0.3391847862224882,0.38278254316554733,0.2100427776669548,,,SEC companyfacts,2025-04-25,10-Q,,,false,,,,,,,,,,,,,,,,,,,,
GOOGL,Alphabet Inc.,CY2025Q2,USD,96428000000,39039000000,57389000000,65157000000,31271000000,33933000000,5737000000,28196000000,2.33,2.31,,,,,,,21036000000,502053000000,139137000000,362916000000,23607000000,,,,,,0.5951487119923674,0.3242937735927324,0.2924046957315303,,,0.06864374847618414,SEC companyfacts,2025-07-24,10-Q,,,false,,,,,,,,,,,,,,,,,,,,
GOOGL,Alphabet Inc.,CY2025Q3,USD,102346000000,41369000000,60977000000,71118000000,31228000000,43987000000,9008000000,34979000000,2.89,2.87,,,,,,,23090000000,536469000000,149602000000,386867000000,21607000000,48414000000,23953000000,24461000000,2536000000,11504000000,0.5957927031833193,0.30512184159615424,0.34177202821800556,0.2390029898579329,,0.061372215539055044,SEC companyfacts,2025-10-30,10-Q,,,true,,,,,,,,,,,,,,,,,,,,
GOOGL,Alphabet Inc.,CY2025Q4,USD,113828000000,45766000000,68062000000,77894000000,35934000000,39117000000,4662000000,34455000000,,,,,,,,,30708000000,595281000000,180016000000,415265000000,46547000000,52402000000,27851000000,24551000000,2536000000,5499000000,0.5979372386407562,0.315686825737077,0.30269353761816076,0.2156850687001441,,0.11218806792644559,SEC companyfacts,2026-02-05,10-K,,,true,,,,,,,,,,,,,,,,,,,,
GOOGL,Alphabet Inc.,CY2026Q1,USD,109896000000,41271000000,68625000000,70200000000,39696000000,77412000000,14834000000,62578000000,5.17,5.11,,,,,,,38063000000,703919000000,225173000000,478746000000,77501000000,45790000000,35674000000,10116000000,2542000000,0,0.6244540292640315,0.36121423891679405,0.5694292785906675,0.09205066608429788,,-0.03454334610113505,SEC companyfacts,2026-04-30,10-Q,,,false,,,,,,,,,,,,,,,,,,,,
AMZN,AMAZON COM INC,CY2025Q1,USD,155667000000,76976000000,78691000000,137262000000,18405000000,21679000000,4553000000,17127000000,1.62,1.59,,,,,,,66207000000,643256000000,,305867000000,53374000000,17015000000,25019000000,-8004000000,,,0.5055085535148747,0.11823315153500742,0.1100233190078822,-0.05141744878490624,32667000000,,SEC companyfacts,2026-04-30,10-Q,,,false,,,,,,,,,,,,,,,,,,,,
AMZN,AMAZON COM INC,CY2025Q2,USD,167702000000,80809000000,86893000000,148531000000,19171000000,20857000000,2678000000,18164000000,1.71,1.68,,,,,,,57741000000,682170000000,,333775000000,50718000000,32515000000,32183000000,332000000,,,0.5181393185531479,0.11431586981669867,0.10831117100571251,0.0019797020906131115,34398000000,0.0773124682816525,SEC companyfacts,2025-08-01,10-Q,,,false,,,,,,,,,,,,,,,,,,,,
AMZN,AMAZON COM INC,CY2025Q3,USD,180169000000,88670000000,91499000000,162747000000,17422000000,28170000000,6910000000,21187000000,1.98,1.95,,,,,,,66922000000,727921000000,,369631000000,50742000000,35525000000,35095000000,430000000,,,0.5078509621522015,0.09669810011711227,0.11759514677885763,0.0023866480915140783,34218000000,0.07434019868576404,SEC companyfacts,2025-10-31,10-Q,,,true,,,,,,,,,,,,,,,,,,,,
AMZN,AMAZON COM INC,CY2025Q4,USD,213386000000,109959000000,103427000000,188409000000,24977000000,26605000000,4946000000,21192000000,,,,,,,,,86810000000,818042000000,,411065000000,65648000000,54459000000,39522000000,14937000000,,,0.48469440356911886,0.11705079058607407,0.0993129821075422,0.06999990627313882,44448000000,0.18436578989726313,SEC companyfacts,2026-02-06,10-K,,,true,,,,,,,,,,,,,,,,,,,,
AMZN,AMAZON COM INC,CY2026Q1,USD,181519000000,87463000000,94056000000,157667000000,23852000000,39834000000,9560000000,30255000000,2.82,2.78,,,,,,,101816000000,916630000000,,441914000000,119074000000,26032000000,44203000000,-18171000000,,,0.5181606333221316,0.13140222235688825,0.16667676661947234,-0.10010522314468458,42797000000,-0.14933969426297883,SEC companyfacts,2026-04-30,10-Q,,,false,,,,,,,,,,,,,,,,,,,,
META,"Meta Platforms, Inc.",CY2025Q1,USD,42314000000,7572000000,34742000000,24759000000,17555000000,18382000000,1738000000,16644000000,6.59,6.43,,,,,,,28750000000,280213000000,95184000000,185029000000,28829000000,24026000000,12941000000,11085000000,1329000000,12754000000,0.8210521340454696,0.414874509618566,0.39334499220116276,0.2619700335586331,21455000000,,SEC companyfacts,2026-04-30,10-Q,,,false,,,,,,,,,,,,,,,,,,,,
META,"Meta Platforms, Inc.",CY2025Q2,USD,47516000000,8491000000,39025000000,27075000000,20441000000,20534000000,2197000000,18337000000,7.28,7.14,,,,,,,12005000000,294744000000,99674000000,195070000000,28832000000,,,,1327000000,,0.821302298173247,0.43019193534809325,0.38591211381429413,,,0.1229380346930094,SEC companyfacts,2025-07-31,10-Q,,,false,,,,,,,,,,,,,,,,,,,,
META,"Meta Platforms, Inc.",CY2025Q3,USD,51242000000,9206000000,42036000000,30707000000,20535000000,21663000000,18954000000,2709000000,1.08,1.05,,,,,,,10187000000,303844000000,109778000000,194066000000,28834000000,29999000000,18829000000,11170000000,1330000000,3327000000,0.820342687639046,0.4007454822216151,0.05286678896217946,0.21798524647749892,25498000000,0.07841569155652833,SEC companyfacts,2025-10-30,10-Q,,,true,,,,,,,,,,,,,,,,,,,,
META,"Meta Platforms, Inc.",CY2025Q4,USD,59894000000,10906000000,48988000000,35149000000,24745000000,25353000000,2585000000,22768000000,,,,,,,,,35873000000,366021000000,148778000000,217243000000,58744000000,36214000000,21383000000,14831000000,1338000000,0,0.8179116439042308,0.41314655892076,0.38013824423147563,0.24762079674090895,30156000000,0.16884586862339487,SEC companyfacts,2026-01-29,10-K,,,true,,,,,,,,,,,,,,,,,,,,
META,"Meta Platforms, Inc.",CY2026Q1,USD,56311000000,10218000000,46093000000,33439000000,22872000000,21752000000,-5021000000,26773000000,10.57,10.44,,,,,,,23426000000,395250000000,151569000000,243681000000,58748000000,32226000000,18997000000,13229000000,1346000000,0,0.8185434462183232,0.40617286143027115,0.47544884658414877,0.23492745644723056,28871000000,-0.0598223528233212,SEC companyfacts,2026-04-30,10-Q,,,false,,,,,,,,,,,,,,,,,,,,
AVGO,Broadcom Inc.,CY2025Q1,USD,15004000000,4807000000,10197000000,4368000000,5829000000,5085000000,120000000,4965000000,1.05,1.03,,,,,,,9472000000,164630000000,95044000000,69586000000,69407000000,6113000000,100000000,6013000000,2774000000,2450000000,0.6796187683284457,0.3884964009597441,0.33091175686483604,0.4007597973873634,,,SEC companyfacts,2025-06-11,10-Q,,,false,,,,,,,,,,,,,,,,,,,,
AVGO,Broadcom Inc.,CY2025Q2,USD,15952000000,5249000000,10703000000,4816000000,5887000000,5285000000,1145000000,4140000000,0.88,0.85,,,,,,,10718000000,165621000000,92344000000,73277000000,66257000000,,,,2786000000,2450000000,0.6709503510531595,0.3690446339017051,0.25952858575727183,,,0.06318315115969075,SEC companyfacts,2025-09-10,10-Q,,,false,,,,,,,,,,,,,,,,,,,,
AVGO,Broadcom Inc.,CY2025Q3,USD,15952000000,5249000000,10703000000,4816000000,5887000000,5285000000,1145000000,,0.88,0.85,,,,,,,16178000000,171092000000,89800000000,81292000000,67120000000,7166000000,142000000,7024000000,2786000000,,0.6709503510531595,0.3690446339017051,,0.440320962888666,,0,SEC companyfacts,2025-09-10,10-Q,,,true,,,,,,,,,,,,,,,,,,,,
AVGO,Broadcom Inc.,CY2025Q4,USD,19311000000,6154000000,13157000000,4594000000,8563000000,8195000000,846000000,7349000000,1.55,1.5,,,,,,,14174000000,169903000000,90031000000,79872000000,67970000000,8260000000,250000000,8010000000,3086000000,7850000000,0.681321526591062,0.44342602661695407,0.3805603024183108,0.41478949821345346,,0.2105692076228686,SEC companyfacts,2026-03-11,10-Q,,,true,,,,,,,,,,,,,,,,,,,,
AVGO,Broadcom Inc.,CY2026Q1,,,,,,,,,,,,,,,,,,,,,,,,,,,,,,,,,,SEC companyfacts,,,,,false,,,,,,,,,,,,,,,,,,,,
ORCL,ORACLE CORP,CY2025Q1,USD,14130000000,,,9772000000,4358000000,,512000000,2936000000,1.05,1.02,,,,,,,17406000000,161378000000,,16730000000,,5933000000,5862000000,71000000,1119000000,150000000,,0.30842179759377214,0.20778485491861287,0.0050247699929228595,,,SEC companyfacts,2026-03-11,10-Q,,,true,,,,,,,,,,,,,,,,,,,,
ORCL,ORACLE CORP,CY2025Q2,USD,15903000000,,,10794000000,5109000000,,726000000,3427000000,,,,,,,,,10786000000,168361000000,,20451000000,92568000000,6157000000,9080000000,-2923000000,1403000000,150000000,,0.32126013959630256,0.21549393196252278,-0.18380179840281707,,0.12547770700636943,SEC companyfacts,2025-06-18,10-K,,,true,,,,,,,,,,,,,,,,,,,,
ORCL,ORACLE CORP,CY2025Q3,USD,14926000000,,,10649000000,4277000000,,500000000,2927000000,1.04,1.01,,,,,,,10445000000,180449000000,,24154000000,,8140000000,8502000000,-362000000,1413000000,95000000,,0.28654696502746885,0.19610076376792174,-0.02425298137478226,,-0.06143494938062001,SEC companyfacts,2025-09-10,10-Q,,,false,,,,,,,,,,,,,,,,,,,,
ORCL,ORACLE CORP,CY2025Q4,USD,16058000000,,,11327000000,4731000000,,207000000,6135000000,2.14,2.1,,,,,,,19241000000,204984000000,,29951000000,,,,,,,,0.29461950429692363,0.3820525594719143,,,0.0758408146857832,SEC companyfacts,2025-12-11,10-Q,,,false,,,,,,,,,,,,,,,,,,,,
ORCL,ORACLE CORP,CY2026Q1,USD,17190000000,,,11726000000,5464000000,,695000000,3721000000,1.29,1.27,,,,,,,38455000000,245240000000,,38495000000,,,,,,,,0.31785922047702153,0.2164630599185573,,,0.07049445759123178,SEC companyfacts,2026-03-11,10-Q,,,false,,,,,,,,,,,,,,,,,,,,
CRM,"Salesforce, Inc.",CY2025Q1,USD,9829000000,2265000000,7564000000,5622000000,1942000000,1974000000,433000000,1541000000,1.61,1.59,,,,,,,10928000000,98610000000,37944000000,60666000000,8435000000,6476000000,179000000,6297000000,402000000,2633000000,0.7695594668837115,0.19757859395665886,0.1567809543188524,0.6406552039881982,,,SEC companyfacts,2025-05-29,10-Q,,,true,,,,,,,,,,,,,,,,,,,,
CRM,"Salesforce, Inc.",CY2025Q2,USD,10236000000,2242000000,7994000000,5662000000,2332000000,2406000000,519000000,1887000000,1.97,1.96,,,,,,,10365000000,97573000000,36245000000,61328000000,8436000000,740000000,135000000,605000000,399000000,2225000000,0.780969128565846,0.2278233685033216,0.1843493552168816,0.059105119187182496,,0.041408078136127784,SEC companyfacts,2025-09-04,10-Q,,,false,,,,,,,,,,,,,,,,,,,,
CRM,"Salesforce, Inc.",CY2025Q3,USD,10259000000,2255000000,8004000000,5816000000,2188000000,2512000000,426000000,2086000000,2.2,2.19,,,,,,,8978000000,95144000000,35123000000,60021000000,8438000000,2316000000,139000000,2177000000,395000000,3801000000,0.78019300126718,0.21327614777268739,0.20333365825129154,0.21220391851057607,,0.002246971473231731,SEC companyfacts,2025-12-04,10-Q,,,false,,,,,,,,,,,,,,,,,,,,
CRM,"Salesforce, Inc.",CY2025Q4,USD,11201000000,2508000000,8693000000,6824000000,1869000000,2628000000,685000000,1943000000,,,,,,,,,7327000000,112305000000,53163000000,59142000000,10439000000,5464000000,141000000,5323000000,391000000,3937000000,0.7760914204088921,0.16686010177662708,0.1734666547629676,0.4752254263012231,,0.09182181499171459,SEC companyfacts,2026-03-02,10-K,,,true,,,,,,,,,,,,,,,,,,,,
CRM,"Salesforce, Inc.",CY2026Q1,,,,,,,,,,,,,,,,,,,,,,,,,,,,,,,,,,SEC companyfacts,,,,,false,,,,,,,,,,,,,,,,,,,,
NOW,"ServiceNow, Inc.",CY2025Q1,USD,3088000000,651000000,2437000000,1986000000,451000000,555000000,95000000,460000000,0.44,0.44,,,,,,,3369000000,20972000000,10833000000,10139000000,,1677000000,205000000,1472000000,,298000000,0.7891839378238342,0.14604922279792745,0.1489637305699482,0.47668393782383417,611000000,,SEC companyfacts,2026-04-23,10-Q,,,false,,,,,,,,,,,,,,,,,,,,
NOW,"ServiceNow, Inc.",CY2025Q2,USD,3215000000,724000000,2491000000,2133000000,358000000,471000000,86000000,385000000,1.86,1.84,,,,,,,3124000000,22051000000,11119000000,10932000000,,,,,,,0.774805598755832,0.11135303265940902,0.11975116640746501,,,0.04112694300518135,SEC companyfacts,2025-07-24,10-Q,,,false,,,,,,,,,,,,,,,,,,,,
NOW,"ServiceNow, Inc.",CY2025Q3,USD,3407000000,774000000,2633000000,2061000000,572000000,694000000,192000000,502000000,2.42,2.4,,,,,,,2725000000,21789000000,10488000000,11301000000,,813000000,235000000,578000000,,584000000,0.772820663340182,0.16788963897857354,0.1473437041385383,0.1696507191077194,766000000,0.059720062208398136,SEC companyfacts,2025-10-30,10-Q,,,true,,,,,,,,,,,,,,,,,,,,
NOW,"ServiceNow, Inc.",CY2025Q4,USD,3568000000,834000000,2734000000,2291000000,443000000,541000000,140000000,401000000,,,,,,,,,3726000000,26038000000,13074000000,12964000000,,2238000000,238000000,2000000000,,597000000,0.7662556053811659,0.1241591928251121,0.11238789237668162,0.5605381165919282,655000000,0.04725565013208101,SEC companyfacts,2026-01-29,10-K,,,true,,,,,,,,,,,,,,,,,,,,
NOW,"ServiceNow, Inc.",CY2026Q1,USD,3770000000,940000000,2830000000,2327000000,503000000,673000000,204000000,469000000,0.45,0.45,,,,,,,2702000000,24381000000,12653000000,11728000000,,1670000000,141000000,1529000000,,2225000000,0.7506631299734748,0.13342175066312997,0.12440318302387268,0.40557029177718834,761000000,0.05661434977578475,SEC companyfacts,2026-04-23,10-Q,,,false,,,,,,,,,,,,,,,,,,,,
SNOW,Snowflake Inc.,CY2025Q1,USD,1042074000,348786000,693288000,1140545000,-447257000,-424223000,5729000,-430092000,-1.29,-1.29,,,,,,,2243083000,8157407000,5742553000,2408000000,,228373000,44989000,183384000,,490638000,0.6652963225260394,-0.42919888606759216,-0.4127269272623633,0.17597982484929092,-398453000,,SEC companyfacts,2025-05-30,10-Q,,,true,,,,,,,,,,,,,,,,,,,,
SNOW,Snowflake Inc.,CY2025Q2,USD,1144969000,371815000,773154000,1113430000,-340276000,-297868000,62000,-298017000,-0.89,-0.89,,,,,,,1880720000,8196727000,5817138000,2372648000,,,,,,,0.6752619503235459,-0.29719232573108967,-0.26028390288296016,,,0.09874058848028067,SEC companyfacts,2025-09-05,10-Q,,,false,,,,,,,,,,,,,,,,,,,,
SNOW,Snowflake Inc.,CY2025Q3,USD,1212909000,390873000,822036000,1151509000,-329473000,-287921000,3682000,-293957000,-0.87,-0.87,,,,,,,1941657000,8230191000,6097258000,2132933000,,,,,,,0.6777392203372223,-0.27163868023075105,-0.24235701111954813,,,0.059337851068456876,SEC companyfacts,2025-12-05,10-Q,,,false,,,,,,,,,,,,,,,,,,,,
SNOW,Snowflake Inc.,CY2025Q4,USD,1283994000,426331000,857663000,1175822000,-318159000,-301898000,7652000,-306969000,,,,,,,,,2828163000,9132495000,7208393000,1924102000,,,,,,,0.6679649593378162,-0.24778854106794893,-0.23907354707264988,,,0.05860703482289273,SEC companyfacts,2026-03-20,10-K,,,true,,,,,,,,,,,,,,,,,,,,
SNOW,Snowflake Inc.,CY2026Q1,,,,,,,,,,,,,,,,,,,,,,,,,,,,,,,,,,SEC companyfacts,,,,,true,,,,,,,,,,,,,,,,,,,,
DDOG,"Datadog, Inc.",CY2025Q1,USD,761553000,157628000,603925000,616345000,-12420000,31796000,7154000,24642000,0.07,0.07,,,,,,,1079854000,6010381000,3093707000,2916674000,,271541000,8748000,262793000,,,0.7930176888542229,-0.01630877955966295,0.03235756408286751,0.34507512937379275,-2320000,,SEC companyfacts,2026-05-07,10-Q,,,false,,,,,,,,,,,,,,,,,,,,
DDOG,"Datadog, Inc.",CY2025Q2,USD,826760000,165978000,660782000,696282000,-35500000,6088000,3441000,2647000,0.01,0.01,,,,,,,489030000,5822415000,2626658000,3195757000,,,,,,,0.7992428274227104,-0.04293870046930185,0.003201654651894141,,-24400000,0.08562371890071997,SEC companyfacts,2025-08-08,10-Q,,,false,,,,,,,,,,,,,,,,,,,,
DDOG,"Datadog, Inc.",CY2025Q3,USD,885651000,176457000,709194000,715003000,-5809000,35667000,1782000,33885000,0.1,0.1,,,,,,,540602000,6052470000,2613352000,3439118000,,251470000,16786000,234684000,,,0.8007601188278453,-0.006559017039443302,0.03825999180264009,0.2649847400386834,7491000,0.07123107068556776,SEC companyfacts,2025-11-07,10-Q,,,true,,,,,,,,,,,,,,,,,,,,
DDOG,"Datadog, Inc.",CY2025Q4,USD,953194000,186894000,766300000,756944000,9356000,53470000,6903000,46526000,,,,,,,,,401305000,6643844000,2911638000,3732206000,,327069000,8892000,318177000,,,0.8039286860806929,0.009815420575454734,0.04881063036485752,0.3338008841851711,24056000,0.07626367496903408,SEC companyfacts,2026-02-18,10-K,,,true,,,,,,,,,,,,,,,,,,,,
DDOG,"Datadog, Inc.",CY2026Q1,USD,1006426000,209228000,797198000,789871000,7327000,58930000,6356000,52574000,0.15,0.15,,,,,,,426360000,6952012000,2963790000,3988222000,,334622000,11358000,323264000,,,0.7921079145411585,0.007280217323479322,0.05223831657767188,0.32119996899921105,23627000,0.055845924334395725,SEC companyfacts,2026-05-07,10-Q,,,false,,,,,,,,,,,,,,,,,,,,
PLTR,Palantir Technologies Inc.,CY2025Q1,USD,883855000,172970000,710885000,534837000,176048000,223316000,5599000,214031000,0.09,0.08,,,,,,,993464000,6736917000,1217944000,5424155000,,310263000,6184000,304079000,,17998000,0.804300479150992,0.19918199252139773,0.24215623603419112,0.34403720067205595,182670000,,SEC companyfacts,2026-05-05,10-Q,,,false,,,,,,,,,,,,,,,,,,,,
PLTR,Palantir Technologies Inc.,CY2025Q2,USD,1003697000,192934000,810763000,541446000,269317000,332168000,3596000,326727000,0.14,0.13,,,,,,,929547000,7365688000,1340124000,5928901000,,,,,,,0.8077766497259631,0.26832500246588364,0.32552353947456253,,,0.13559011376300412,SEC companyfacts,2025-08-05,10-Q,,,false,,,,,,,,,,,,,,,,,,,,
PLTR,Palantir Technologies Inc.,CY2025Q3,USD,1181092000,207307000,973785000,580529000,393256000,480501000,3753000,475599000,0.2,0.18,,,,,,,1615967000,8113960000,1425691000,6590457000,,507664000,6792000,500872000,,19195000,0.8244785334249999,0.3329596678328191,0.4026773528226421,0.4240753472210463,399231000,0.17674158635524467,SEC companyfacts,2025-11-04,10-Q,,,true,,,,,,,,,,,,,,,,,,,,
PLTR,Palantir Technologies Inc.,CY2025Q4,USD,1406802000,215966000,1190836000,615442000,575394000,621383000,9776000,608676000,,,,,,,,,1423796000,8900392000,1412381000,7387268000,,777295000,13272000,764023000,,19196000,0.8464844377531451,0.4090085171900523,0.43266643067041416,0.5430920627067632,582412000,0.1911028099419859,SEC companyfacts,2026-02-17,10-K,,,true,,,,,,,,,,,,,,,,,,,,
PLTR,Palantir Technologies Inc.,CY2026Q1,USD,1632583000,215798000,1416785000,662787000,753998000,888601000,12199000,870527000,0.36,0.34,,,,,,,2291631000,10199183000,1642902000,8449663000,,899165000,7401000,891764000,,,0.8678180527421883,0.46184359386322166,0.5332206693319728,0.5462288900472442,760763000,0.1604923791692079,SEC companyfacts,2026-05-05,10-Q,,,false,,,,,,,,,,,,,,,,,,,,
NET,"Cloudflare, Inc.",CY2025Q1,USD,479087000,115576000,363511000,416758000,-53247000,-36759000,1695000,-38454000,-0.11,-0.11,,,,,,,204459000,3721259000,2295381000,1425878000,,145784000,85889000,59895000,,,0.7587578039061799,-0.1111426525871084,-0.08026517104409012,0.12501904664497263,-11040000,,SEC companyfacts,2026-05-08,10-Q,,,false,,,,,,,,,,,,,,,,,,,,
NET,"Cloudflare, Inc.",CY2025Q2,USD,512316000,128677000,383639000,450903000,-67264000,-47289000,3157000,-50446000,-0.15,-0.15,,,,,,,1518608000,5562361000,4322634000,1239727000,,,,,,,0.7488327516610842,-0.13129396700473928,-0.09846657141295606,,,0.06935900995017606,SEC companyfacts,2025-07-31,10-Q,,,false,,,,,,,,,,,,,,,,,,,,
NET,"Cloudflare, Inc.",CY2025Q3,USD,562027000,146316000,415711000,453171000,-37460000,1850000,3140000,-1290000,0,0,,,,,,,1052644000,5786395000,4439379000,1347016000,,167123000,84641000,82482000,,,0.7396637528090287,-0.0666516021472278,-0.00229526339481911,0.14675807390036422,12008000,0.09703190999305117,SEC companyfacts,2025-10-30,10-Q,,,true,,,,,,,,,,,,,,,,,,,,
NET,"Cloudflare, Inc.",CY2025Q4,USD,614507000,161956000,452551000,501785000,-49234000,-10508000,1569000,-12077000,,,,,,,,,943536000,6036256000,4577133000,1459123000,,190411000,85190000,105221000,,,0.7364456385362576,-0.08011951043682171,-0.019653152852611933,0.17122831798498633,3352000,0.09337629686829992,SEC companyfacts,2026-02-26,10-K,,,true,,,,,,,,,,,,,,,,,,,,
NET,"Cloudflare, Inc.",CY2026Q1,USD,639755000,184158000,455597000,517591000,-61994000,-21401000,1526000,-22927000,-0.07,-0.07,,,,,,,932226000,6163977000,4637269000,1526708000,,158330000,65231000,93099000,,,0.7121429297152816,-0.09690272057271924,-0.03583715641143875,0.14552289548342726,-4180000,0.041086594619752094,SEC companyfacts,2026-05-08,10-Q,,,false,,,,,,,,,,,,,,,,,,,,
AMD,ADVANCED MICRO DEVICES INC,CY2025Q1,USD,7438000000,3702000000,3736000000,2930000000,806000000,825000000,123000000,709000000,0.44,0.44,,,,,,,6049000000,71550000000,,57881000000,3217000000,939000000,212000000,727000000,,749000000,0.5022855606345792,0.10836246302769562,0.0953213229362732,0.09774132831406292,,,SEC companyfacts,2026-05-06,10-Q,,,false,,,,,,,,,,,,,,,,,,,,
AMD,ADVANCED MICRO DEVICES INC,CY2025Q2,USD,7685000000,4626000000,3059000000,3193000000,-134000000,-74000000,-834000000,872000000,0.54,0.54,,,,,,,4442000000,74820000000,,59665000000,3218000000,,,,,,0.39804814573845154,-0.017436564736499675,0.11346779440468445,,,0.033207851573003495,SEC companyfacts,2025-08-06,10-Q,,,false,,,,,,,,,,,,,,,,,,,,
AMD,ADVANCED MICRO DEVICES INC,CY2025Q3,USD,9246000000,4466000000,4780000000,3510000000,1270000000,1315000000,153000000,1243000000,0.76,0.75,,,,,,,4808000000,76891000000,,60790000000,3220000000,2159000000,258000000,1901000000,,89000000,0.5169803158122431,0.13735669478693488,0.1344365130867402,0.20560242266926237,,0.20312296681847755,SEC companyfacts,2025-11-05,10-Q,,,true,,,,,,,,,,,,,,,,,,,,
AMD,ADVANCED MICRO DEVICES INC,CY2025Q4,USD,10270000000,4693000000,5577000000,3825000000,1752000000,2074000000,455000000,1511000000,,,,,,,,,5539000000,76926000000,,62999000000,3222000000,2600000000,222000000,2378000000,,0,0.5430379746835443,0.1705939629990263,0.14712755598831548,0.23154819863680623,,0.11075059485182782,SEC companyfacts,2026-02-04,10-K,,,true,,,,,,,,,,,,,,,,,,,,
AMD,ADVANCED MICRO DEVICES INC,CY2026Q1,USD,10253000000,4837000000,5416000000,3940000000,1476000000,1604000000,238000000,1383000000,0.85,0.84,,,,,,,5585000000,79642000000,,64462000000,3224000000,2955000000,389000000,2566000000,,221000000,0.5282356383497513,0.14395786599044183,0.1348873500438896,0.25026821418121525,,-0.001655306718597858,SEC companyfacts,2026-05-06,10-Q,,,false,,,,,,,,,,,,,,,,,,,,
QCOM,QUALCOMM INC/DE,CY2025Q1,USD,10979000000,4937000000,6042000000,7859000000,3120000000,3105000000,293000000,2812000000,2.55,2.52,,,,,,,7203000000,55372000000,27644000000,27728000000,13258000000,,,,,,0.5503233445669005,0.28417888696602606,0.25612533017579014,,,,SEC companyfacts,2026-04-29,10-Q,,,false,,,,,,,,,,,,,,,,,,,,
QCOM,QUALCOMM INC/DE,CY2025Q2,USD,10365000000,4606000000,5759000000,7603000000,2762000000,2952000000,286000000,2666000000,2.44,2.43,,,,,,,5448000000,54862000000,27653000000,27209000000,14788000000,2875000000,294000000,2581000000,,2849000000,0.5556198745779064,0.2664737095996141,0.2572117703810902,0.24901109503135552,3160000000,-0.05592494762728846,SEC companyfacts,2025-07-30,10-Q,,,true,,,,,,,,,,,,,,,,,,,,
QCOM,QUALCOMM INC/DE,CY2025Q3,USD,11271000000,5034000000,6237000000,8353000000,2918000000,2971000000,6088000000,-3117000000,,,,,,,,,5520000000,50143000000,28937000000,21206000000,14811000000,3996000000,407000000,3589000000,,2444000000,0.5533670481767368,0.2588945080294561,-0.27655043918019695,0.31842782361813504,3289000000,0.08740955137481911,SEC companyfacts,2025-11-05,10-K,,,true,,,,,,,,,,,,,,,,,,,,
QCOM,QUALCOMM INC/DE,CY2025Q4,USD,12252000000,5568000000,6684000000,8886000000,3366000000,3547000000,543000000,3004000000,2.81,2.78,,,,,,,7205000000,53034000000,29961000000,23073000000,14817000000,4965000000,549000000,4416000000,,2650000000,0.545543584720862,0.27473065621939274,0.24518445968005223,0.3604309500489716,3759000000,0.08703752994410434,SEC companyfacts,2026-02-04,10-Q,,,false,,,,,,,,,,,,,,,,,,,,
QCOM,QUALCOMM INC/DE,CY2026Q1,USD,10599000000,4900000000,5699000000,8290000000,2309000000,2232000000,-5138000000,7370000000,6.92,6.88,,,,,,,5435000000,57136000000,29858000000,27278000000,14772000000,,,,,,0.5376922351165204,0.21785074063590903,0.6953486177941315,,,-0.13491674828599412,SEC companyfacts,2026-04-29,10-Q,,,false,,,,,,,,,,,,,,,,,,,,
MU,MICRON TECHNOLOGY INC,CY2025Q1,USD,8053000000,5090000000,2963000000,1190000000,1773000000,1758000000,177000000,1583000000,1.42,1.41,,,,,,,7552000000,73053000000,24420000000,48633000000,11541000000,,,,,,0.36793741462808893,0.22016639761579535,0.19657270582391656,,3852000000,,SEC companyfacts,2026-03-19,10-Q,,,false,,,,,,,,,,,,,,,,,,,,
MU,MICRON TECHNOLOGY INC,CY2025Q2,USD,9301000000,5793000000,3508000000,1339000000,2169000000,2113000000,235000000,1885000000,1.69,1.68,,,,,,,10163000000,78397000000,27649000000,50748000000,12434000000,4609000000,2938000000,1671000000,131000000,,0.3771637458337813,0.23320073110418235,0.2026663799591442,0.17965810127943233,4263000000,0.1549733018750776,SEC companyfacts,2025-06-26,10-Q,,,true,,,,,,,,,,,,,,,,,,,,
MU,MICRON TECHNOLOGY INC,CY2025Q3,USD,11315000000,6261000000,5054000000,1400000000,3654000000,3631000000,429000000,2929000000,,,,,,,,,9642000000,82798000000,28633000000,54165000000,11533000000,5730000000,5658000000,72000000,130000000,,0.44666372072470173,0.32293415819708354,0.25885992045956696,0.006363234644277508,5803000000,0.21653585635953124,SEC companyfacts,2025-10-03,10-K,,,true,,,,,,,,,,,,,,,,,,,,
MU,MICRON TECHNOLOGY INC,CY2025Q4,USD,13643000000,5997000000,7646000000,1510000000,6136000000,6061000000,829000000,5240000000,4.66,4.6,,,,,,,9731000000,85971000000,27165000000,58806000000,8844000000,8411000000,5389000000,3022000000,134000000,300000000,0.5604339221578831,0.4497544528329546,0.3840797478560434,0.22150553397346626,8348000000,0.2057445868316394,SEC companyfacts,2025-12-18,10-Q,,,false,,,,,,,,,,,,,,,,,,,,
MU,MICRON TECHNOLOGY INC,CY2026Q1,USD,23860000000,6105000000,17755000000,1620000000,16135000000,16160000000,2371000000,13785000000,12.25,12.07,,,,,,,13908000000,101509000000,29050000000,72459000000,585000000,,,,,,0.7441324392288349,0.6762363788767812,0.577745180217938,,18421000000,0.7488822106574801,SEC companyfacts,2026-03-19,10-Q,,,false,,,,,,,,,,,,,,,,,,,,
AMAT,APPLIED MATERIALS INC /DE,CY2025Q1,USD,7100000000,3615000000,3485000000,1316000000,2169000000,2322000000,185000000,2137000000,2.64,2.63,,,,,,,6169000000,33632000000,14671000000,18961000000,5462000000,925000000,381000000,544000000,326000000,1318000000,0.4908450704225352,0.3054929577464789,0.3009859154929577,0.07661971830985916,,,SEC companyfacts,2025-05-22,10-Q,,,false,,,,,,,,,,,,,,,,,,,,
AMAT,APPLIED MATERIALS INC /DE,CY2025Q2,USD,7302000000,3740000000,3562000000,1329000000,2233000000,2563000000,784000000,1779000000,2.23,2.22,,,,,,,5384000000,34211000000,14707000000,19504000000,5463000000,,,,,,0.48781155847712954,0.30580662832100797,0.24363188167625308,,,0.028450704225352112,SEC companyfacts,2025-08-21,10-Q,,,false,,,,,,,,,,,,,,,,,,,,
AMAT,APPLIED MATERIALS INC /DE,CY2025Q3,USD,7302000000,3740000000,3562000000,1329000000,2233000000,2563000000,784000000,1779000000,2.23,2.22,,,,,,,7241000000,36299000000,15884000000,20415000000,6455000000,2634000000,584000000,2050000000,368000000,1056000000,0.48781155847712954,0.30580662832100797,0.24363188167625308,0.2807450013694878,,0,SEC companyfacts,2025-08-21,10-Q,,,true,,,,,,,,,,,,,,,,,,,,
AMAT,APPLIED MATERIALS INC /DE,CY2025Q4,USD,7012000000,3577000000,3435000000,1604000000,1831000000,2328000000,302000000,2026000000,2.55,2.54,,,,,,,7218000000,37644000000,15927000000,21717000000,6453000000,1686000000,646000000,1040000000,365000000,337000000,0.48987450085567597,0.26112378779235595,0.28893325727324587,0.14831717056474614,,-0.03971514653519584,SEC companyfacts,2026-02-19,10-Q,,,true,,,,,,,,,,,,,,,,,,,,
AMAT,APPLIED MATERIALS INC /DE,CY2026Q1,,,,,,,,,,,,,,,,,,,,,,,,,,,,,,,,,,SEC companyfacts,,,,,false,,,,,,,,,,,,,,,,,,,,
PANW,Palo Alto Networks Inc,CY2025Q1,USD,2289000000,619300000,1669700000,1450900000,218800000,310500000,48400000,262100000,0.39,0.37,,,,,,,2383400000,22002800000,14772300000,7230500000,,,,,,,0.7294451725644386,0.09558759283529926,0.1145041502839668,,,,SEC companyfacts,2025-05-21,10-Q,,,true,,,,,,,,,,,,,,,,,,,,
PANW,Palo Alto Networks Inc,CY2025Q2,USD,2289000000,619300000,1669700000,1450900000,218800000,310500000,48400000,262100000,0.39,0.37,,,,,,,2269000000,23576000000,15752000000,7824000000,,628700000,68300000,560400000,,0,0.7294451725644386,0.09558759283529926,0.1145041502839668,0.24482306684141547,306900000,0,SEC companyfacts,2025-05-21,10-Q,,,true,,,,,,,,,,,,,,,,,,,,
PANW,Palo Alto Networks Inc,CY2025Q3,USD,2474000000,638000000,1836000000,1527000000,309000000,412000000,78000000,334000000,0.49,0.47,,,,,,,3066000000,23536000000,14871000000,8665000000,,1771000000,84000000,1687000000,,0,0.7421180274858529,0.12489894907033144,0.13500404203718674,0.6818916734033953,398000000,0.08082131935342944,SEC companyfacts,2025-11-20,10-Q,,,true,,,,,,,,,,,,,,,,,,,,
PANW,Palo Alto Networks Inc,CY2025Q4,USD,2594000000,685000000,1909000000,1512000000,397000000,549000000,117000000,432000000,0.61,0.61,,,,,,,4158000000,24979000000,15586000000,9393000000,,,,,,,0.735929067077872,0.1530454895913647,0.16653816499614496,,,0.04850444624090541,SEC companyfacts,2026-02-18,10-Q,,,true,,,,,,,,,,,,,,,,,,,,
PANW,Palo Alto Networks Inc,CY2026Q1,,,,,,,,,,,,,,,,,,,,,,,,,,,,,,,,,,SEC companyfacts,,,,,false,,,,,,,,,,,,,,,,,,,,
CRWD,"CrowdStrike Holdings, Inc.",CY2025Q1,USD,1103434000,289143000,814291000,938947000,-124656000,-89887000,21106000,-110207000,-0.44,-0.44,,,,,,,4614153000,8720362000,5229348000,3450877000,744355000,384107000,85751000,298356000,,,0.7379607661174117,-0.1129709615618152,-0.09987638590074259,0.27038862315281204,,,SEC companyfacts,2025-06-04,10-Q,,,false,,,,,,,,,,,,,,,,,,,,
CRWD,"CrowdStrike Holdings, Inc.",CY2025Q2,USD,1168952000,310283000,858669000,971648000,-112979000,-71674000,5971000,-77675000,-0.31,-0.31,,,,,,,4972436000,9288859000,5494168000,3756680000,744727000,384107000,85751000,298356000,,,0.7345630958328486,-0.09664981966753126,-0.06644840848897132,0.2552337478356682,,0.059376455682895395,SEC companyfacts,2025-08-28,10-Q,,,false,,,,,,,,,,,,,,,,,,,,
CRWD,"CrowdStrike Holdings, Inc.",CY2025Q3,USD,1234244000,307805000,926439000,995882000,-69443000,-23268000,10720000,-33997000,-0.14,-0.14,,,,,,,4801083000,9965347000,5906330000,4016497000,745099000,,,,,,0.7506125207009311,-0.05626359131581762,-0.02754479665284984,,,0.05585515915110287,SEC companyfacts,2025-12-03,10-Q,,,false,,,,,,,,,,,,,,,,,,,,
CRWD,"CrowdStrike Holdings, Inc.",CY2025Q4,USD,1234244000,307805000,926439000,995882000,-69443000,-23268000,10720000,-33997000,-0.14,-0.14,,,,,,,5230125000,11086684000,6614079000,4428390000,745471000,397541000,83395000,314146000,,,0.7506125207009311,-0.05626359131581762,-0.02754479665284984,0.25452503718875685,,0,SEC companyfacts,2025-12-03,10-Q,,,true,,,,,,,,,,,,,,,,,,,,
CRWD,"CrowdStrike Holdings, Inc.",CY2026Q1,USD,1305375000,311698000,993677000,979891000,13786000,57840000,-3621000,59377000,,,,,,,,,,,,,,497869000,102465000,395404000,,,0.7612195729196591,0.010560949918605764,0.04548654601168247,0.3029045293498037,,0.05763123012953678,SEC companyfacts,2026-03-05,10-K,,,true,,,,,,,,,,,,,,,,,,,,
ZS,"Zscaler, Inc.",CY2025Q1,USD,678034000,155978000,522056000,547467000,-25411000,4563000,8688000,-4125000,-0.03,-0.03,,,,,,,1990890000,5339628000,3534689000,1804939000,1148881000,,,,,,0.7699554889577809,-0.03747747163121613,-0.006083765710864057,,,,SEC companyfacts,2025-05-29,10-Q,,,false,,,,,,,,,,,,,,,,,,,,
ZS,"Zscaler, Inc.",CY2025Q2,USD,678034000,155978000,522056000,547467000,-25411000,4563000,8688000,-4125000,-0.03,-0.03,,,,,,,2389023000,6419888000,4620615000,1799273000,,211081000,72163000,138918000,,,0.7699554889577809,-0.03747747163121613,-0.006083765710864057,0.20488353091437891,,0,SEC companyfacts,2025-05-29,10-Q,,,true,,,,,,,,,,,,,,,,,,,,
ZS,"Zscaler, Inc.",CY2025Q3,USD,788112000,184753000,603359000,639721000,-36362000,-8374000,3241000,-11615000,-0.07,-0.07,,,,,,,1338195000,6503087000,4520759000,1982328000,,448280000,17311000,430969000,,,0.7655751974338673,-0.046138112349513774,-0.014737753009724507,0.5468372515581542,,0.16234879076860453,SEC companyfacts,2025-11-25,10-Q,,,true,,,,,,,,,,,,,,,,,,,,
ZS,"Zscaler, Inc.",CY2025Q4,USD,815751000,191260000,624491000,676264000,-51773000,-21298000,13014000,-34312000,-0.21,-0.21,,,,,,,1202751000,6753828000,4557880000,2195948000,,,,,,,0.765541200685013,-0.06346667058943231,-0.04206185465908102,,,0.03506988854376028,SEC companyfacts,2026-02-26,10-Q,,,true,,,,,,,,,,,,,,,,,,,,
ZS,"Zscaler, Inc.",CY2026Q1,,,,,,,,,,,,,,,,,,,,,,,,,,,,,,,,,,SEC companyfacts,,,,,false,,,,,,,,,,,,,,,,,,,,
APP,AppLovin Corp,CY2025Q1,USD,1158974000,151680000,1007294000,318992000,839982000,794606000,71068000,576419000,1.7,1.67,,,,,,,551024000,5706701000,5131280000,575421000,3509964000,831712000,,,,1000911000,0.8691256231805028,0.7247634545727514,0.4973528310384875,,919869000,,SEC companyfacts,2026-05-06,10-Q,,,false,,,,,,,,,,,,,,,,,,,,
APP,AppLovin Corp,CY2025Q2,USD,1258754000,155076000,1103678000,301072000,957682000,884004000,112148000,819531000,2.42,2.39,,,,,,,1192608000,5959497000,4792370000,1167127000,3510958000,,,,,,0.8768019803710654,0.760817443281213,0.6510652597727594,,,0.0860933894979525,SEC companyfacts,2025-08-06,10-Q,,,false,,,,,,,,,,,,,,,,,,,,
APP,AppLovin Corp,CY2025Q3,USD,1405045000,174855000,1230190000,326038000,1079007000,1020946000,185401000,835545000,2.47,2.45,,,,,,,1666899000,6343035000,4869115000,1473920000,3511965000,1053422000,,,,501900000,0.8755520285827144,0.7679519161308,0.5946749036507728,,1114109000,0.11621889582873222,SEC companyfacts,2025-11-05,10-Q,,,true,,,,,,,,,,,,,,,,,,,,
APP,AppLovin Corp,CY2025Q4,USD,1657944000,183529000,1474415000,382701000,1275243000,1253354000,151098000,1102505000,,,,,,,,,2487096000,7259610000,5124939000,2134671000,3512987000,1313734000,,,,417615000,0.8893032575286017,0.7691713350993761,0.6649832563705409,,1307979000,0.17999352333911015,SEC companyfacts,2026-02-19,10-K,,,true,,,,,,,,,,,,,,,,,,,,
APP,AppLovin Corp,CY2026Q1,USD,1842449000,203632000,1638817000,402516000,1439933000,1431408000,225795000,1205613000,3.57,3.56,,,,,,,2758671000,7707705000,5344222000,2363483000,3514022000,1291393000,,,,981723000,0.8894775377771651,0.7815320803995117,0.654353526203439,,1473598000,0.11128542339186366,SEC companyfacts,2026-05-06,10-Q,,,false,,,,,,,,,,,,,,,,,,,,
GTLB,Gitlab Inc.,CY2025Q1,USD,214509000,25035000,189474000,224084000,-34610000,-33719000,2539000,-35875000,-0.22,-0.22,,,,,,,255719000,1441990000,589393000,808280000,,106302000,912000,105390000,,,0.8832916101422318,-0.16134521162282237,-0.1672424000857773,0.49130805700460123,-34054000,,SEC companyfacts,2025-06-11,10-Q,,,true,,,,,,,,,,,,,,,,,,,,
GTLB,Gitlab Inc.,CY2025Q2,USD,235960000,28505000,207455000,225806000,-18351000,-7751000,2245000,-9208000,-0.06,-0.06,,,,,,,261371000,1498187000,586605000,866551000,,,,,,,0.879195626377352,-0.07777165621291744,-0.03902356331581624,,,0.10000046618090616,SEC companyfacts,2025-09-04,10-Q,,,false,,,,,,,,,,,,,,,,,,,,
GTLB,Gitlab Inc.,CY2025Q3,USD,244353000,32221000,212132000,224488000,-12356000,-6986000,1811000,-8276000,-0.05,-0.05,,,,,,,224231000,1570839000,602842000,922715000,,,,,,,0.8681374896154334,-0.05056618907891452,-0.033869033733983214,,,0.03556958806577386,SEC companyfacts,2025-12-03,10-Q,,,false,,,,,,,,,,,,,,,,,,,,
GTLB,Gitlab Inc.,CY2025Q4,USD,260402000,34982000,225420000,230584000,-5164000,391000,3904000,-5205000,,,,,,,,,229576000,1722747000,686499000,990668000,,,,,,,0.8656615540587246,-0.0198308768749856,-0.01998832574250582,,,0.06567957013009867,SEC companyfacts,2026-03-17,10-K,,,true,,,,,,,,,,,,,,,,,,,,
GTLB,Gitlab Inc.,CY2026Q1,,,,,,,,,,,,,,,,,,,,,,,,,,,,,,,,,,SEC companyfacts,,,,,true,,,,,,,,,,,,,,,,,,,,
DOCN,"DigitalOcean Holdings, Inc.",CY2025Q1,USD,210703000,81259000,129444000,91802000,37642000,41380000,3176000,38204000,0.42,0.39,,,,,,,360421000,1641668000,1852415000,-210747000,1487264000,64090000,61963000,2127000,,59052000,0.6143434122912346,0.17864956834976245,0.18131682985054792,0.010094777957599084,66852000,,SEC companyfacts,2026-05-05,10-Q,,,false,,,,,,,,,,,,,,,,,,,,
DOCN,"DigitalOcean Holdings, Inc.",CY2025Q2,USD,218700000,87755000,130945000,95326000,35619000,42448000,5421000,37027000,0.41,0.39,,,,,,,387745000,1719808000,1895025000,-175217000,1489164000,,,,,,0.5987425697302241,0.16286694101508917,0.16930498399634203,,,0.0379538971917818,SEC companyfacts,2025-08-05,10-Q,,,false,,,,,,,,,,,,,,,,,,,,
DOCN,"DigitalOcean Holdings, Inc.",CY2025Q3,USD,229634000,92701000,136933000,92001000,44932000,90314000,-68057000,158371000,1.74,1.51,,,,,,,236561000,1725706000,1795324000,-69618000,1284315000,95787000,7771000,88016000,,2925000,0.5963097799106404,0.1956678889014693,0.6896670353693268,0.383288189031241,79992000,0.04999542752629172,SEC companyfacts,2025-11-05,10-Q,,,true,,,,,,,,,,,,,,,,,,,,
DOCN,"DigitalOcean Holdings, Inc.",CY2025Q4,USD,242390000,100120000,142270000,103474000,38796000,32520000,6860000,25660000,,,,,,,,,254475000,1837705000,1866395000,-28690000,970653000,57280000,26155000,31125000,,0,0.5869466562151904,0.16005610792524444,0.10586245307149635,0.12840876273773671,79210000,0.055549265352691675,SEC companyfacts,2026-02-24,10-K,,,true,,,,,,,,,,,,,,,,,,,,
DOCN,"DigitalOcean Holdings, Inc.",CY2026Q1,USD,257905000,113195000,144710000,108139000,36571000,24496000,8725000,15771000,0.17,0.15,,,,,,,741363000,2570387000,1683011000,887376000,608466000,46921000,39992000,6929000,,0,0.5610980787499273,0.14180027529516684,0.061150423605591205,0.02686648184408988,82046000,0.06400841618878667,SEC companyfacts,2026-05-05,10-Q,,,false,,,,,,,,,,,,,,,,,,,,
AI,"C3.ai, Inc.",CY2025Q1,USD,98782000,40435000,58347000,145932000,-87585000,-79865000,336000,-80201000,-0.62,-0.62,,,,,,,164358000,1025882000,187579000,838303000,,-22020000,362000,-22382000,,,0.5906642910651738,-0.8866493895649005,-0.8118989289546679,-0.22657974124840558,-84462000,,SEC companyfacts,2025-03-07,10-Q,,,true,,,,,,,,,,,,,,,,,,,,
AI,"C3.ai, Inc.",CY2025Q2,USD,70261000,43817000,26444000,151263000,-124819000,-116469000,300000,-116769000,-0.86,-0.86,,,,,,,80941000,968739000,169915000,798824000,,-33535000,760000,-34295000,,,0.3763681131780077,-1.7765047465877228,-1.6619319394827856,-0.4881086235607236,-121404000,-0.2887266910975684,SEC companyfacts,2025-09-09,10-Q,,,true,,,,,,,,,,,,,,,,,,,,
AI,"C3.ai, Inc.",CY2025Q3,USD,75147000,44767000,30380000,142493000,-112113000,-104431000,237000,-104668000,-0.75,-0.75,,,,,,,103205000,961298000,189413000,771885000,,,,,,,0.40427428906010887,-1.4919158449439098,-1.3928433603470531,,,0.06954071248630107,SEC companyfacts,2025-12-09,10-Q,,,false,,,,,,,,,,,,,,,,,,,,
AI,"C3.ai, Inc.",CY2025Q4,USD,53260000,44025000,9235000,149643000,-140408000,-133189000,174000,-133363000,-0.94,-0.94,,,,,,,88847000,895776000,176303000,719473000,,,,,,,0.17339466766804357,-2.636274877957191,-2.50399924896733,,,-0.2912558052883016,SEC companyfacts,2026-03-11,10-Q,,,false,,,,,,,,,,,,,,,,,,,,
AI,"C3.ai, Inc.",CY2026Q1,,,,,,,,,,,,,,,,,,,,,,,,,,,,,,,,,,SEC companyfacts,,,,,false,,,,,,,,,,,,,,,,,,,,
SMCI,"Super Micro Computer, Inc.",CY2025Q1,USD,4599913000,4159695000,440218000,293438000,146780000,115065000,5843000,108777000,0.18,0.17,,,,,,,2536101000,10738525000,4359046000,6379319000,106974000,626764000,32700000,594064000,,,0.0957013752216618,0.03190929915413618,0.023647621161530664,0.12914679038494858,157680000,,SEC companyfacts,2026-05-11,10-Q,,,true,,,,,,,,,,,,,,,,,,,,
SMCI,"Super Micro Computer, Inc.",CY2025Q2,USD,5756911000,5212809000,544102000,315711000,228391000,222725000,19307000,195154000,,,,,,,,,5169911000,14018429000,7716558000,6301693000,112475000,863613000,22678000,840935000,,,0.09451283856915627,0.03967249102860892,0.03389908233773286,0.14607399697511392,239991000,0.25152606147116263,SEC companyfacts,2025-08-28,10-K,,,true,,,,,,,,,,,,,,,,,,,,
SMCI,"Super Micro Computer, Inc.",CY2025Q3,USD,5017790000,4550417000,467373000,285117000,182256000,208552000,40161000,168285000,0.28,0.26,,,,,,,4196867000,14386037000,7862477000,6523390000,125817000,-917523000,32270000,-949793000,,,0.0931431965068287,0.0363219664433944,0.03353767295960971,-0.18928512353047855,194356000,-0.12838847083097168,SEC companyfacts,2025-11-07,10-Q,,,false,,,,,,,,,,,,,,,,,,,,
SMCI,"Super Micro Computer, Inc.",CY2025Q4,USD,12682491000,11883924000,798567000,324269000,474298000,500207000,99151000,400564000,0.67,0.6,,,,,,,4091083000,28001610000,21009433000,6992015000,223213000,,,,,,0.06296610027162645,0.037397858196784844,0.031584016105353434,,487098000,1.5275053360144606,SEC companyfacts,2026-02-06,10-Q,,,false,,,,,,,,,,,,,,,,,,,,
SMCI,"Super Micro Computer, Inc.",CY2026Q1,USD,10243014000,9224334000,1018680000,392812000,625868000,610969000,126887000,483387000,0.81,0.72,,,,,,,1290324000,23452029000,15876438000,7575430000,4113744000,,,,,,0.0994511966887871,0.06110193737897849,0.047191871455022905,,639368000,-0.192349988657591,SEC companyfacts,2026-05-11,10-Q,,,false,,,,,,,,,,,,,,,,,,,,
PG,PROCTER & GAMBLE Co,CY2025Q1,USD,19776000000,9694000000,10082000000,5524000000,4558000000,,868000000,3769000000,1.58,1.54,,,,,,,9116000000,122984000000,70439000000,52545000000,24252000000,3705000000,859000000,2846000000,2433000000,1351000000,0.5098098705501618,0.23048139158576053,0.19058454692556634,0.14391181229773461,5248000000,,SEC companyfacts,2026-04-24,10-Q,,,true,,,,,,,,,,,,,,,,,,,,
PG,PROCTER & GAMBLE Co,CY2025Q2,USD,20889000000,10631000000,10258000000,5903000000,4355000000,,895000000,3616000000,,,,,,,,,9556000000,125231000000,72946000000,52284000000,24995000000,4985000000,996000000,3989000000,2553000000,700000000,0.49107185600076597,0.208482933601417,0.17310546220498826,0.19096175020345638,5078000000,0.056280339805825245,SEC companyfacts,2025-08-04,10-K,,,true,,,,,,,,,,,,,,,,,,,,
PG,PROCTER & GAMBLE Co,CY2025Q3,USD,22386000000,10887000000,11499000000,5643000000,5856000000,,1253000000,4750000000,2,1.95,,,,,,,11171000000,127599000000,74048000000,53551000000,24315000000,5408000000,1200000000,4208000000,2549000000,1250000000,0.5136692575716966,0.26159206647011524,0.2121861877959439,0.18797462699901724,6617000000,0.07166451242280626,SEC companyfacts,2025-10-24,10-Q,,,false,,,,,,,,,,,,,,,,,,,,
PG,PROCTER & GAMBLE Co,CY2025Q4,USD,22208000000,10834000000,11374000000,6008000000,5366000000,,1090000000,4319000000,1.82,1.78,,,,,,,10825000000,127286000000,73969000000,53317000000,25577000000,,,,,,0.5121577809798271,0.24162463976945245,0.1944794668587896,,6169000000,-0.007951398195300635,SEC companyfacts,2026-01-23,10-Q,,,false,,,,,,,,,,,,,,,,,,,,
PG,PROCTER & GAMBLE Co,CY2026Q1,USD,21235000000,10722000000,10513000000,5937000000,4576000000,,1039000000,3932000000,1.66,1.63,,,,,,,12306000000,128378000000,73647000000,54731000000,23852000000,,,,,,0.4950788792088533,0.21549328938073933,0.18516599952907936,,5361000000,-0.04381304034582133,SEC companyfacts,2026-04-24,10-Q,,,false,,,,,,,,,,,,,,,,,,,,
KO,COCA COLA CO,CY2025Q1,USD,11129000000,4163000000,6966000000,3307000000,3659000000,4057000000,722000000,3330000000,0.77,0.77,,,,,,,8417000000,101716000000,,26202000000,,-5202000000,309000000,-5511000000,89000000,370000000,0.6259322490789828,0.32878066313235693,0.29921825860364815,-0.49519273968910055,3926000000,,SEC companyfacts,2026-04-30,10-Q,,,false,,,,,,,,,,,,,,,,,,,,
KO,COCA COLA CO,CY2025Q2,USD,12535000000,4714000000,7821000000,3541000000,4280000000,4796000000,993000000,3810000000,0.89,0.88,,,,,,,9590000000,104333000000,,28585000000,,,,,,,0.623932987634623,0.34144395692062224,0.3039489429597128,,4559000000,0.12633659807709588,SEC companyfacts,2025-07-24,10-Q,,,true,,,,,,,,,,,,,,,,,,,,
KO,COCA COLA CO,CY2025Q3,USD,12455000000,4797000000,7658000000,3676000000,3982000000,4183000000,500000000,3696000000,0.86,0.86,,,,,,,12732000000,106045000000,,31247000000,,5043000000,479000000,4564000000,2108000000,172000000,0.6148534725010036,0.31971095945403455,0.2967482938578884,0.3664391810517864,4250000000,-0.006382130035899481,SEC companyfacts,2025-10-23,10-Q,,,true,,,,,,,,,,,,,,,,,,,,
KO,COCA COLA CO,CY2025Q4,USD,11822000000,4723000000,7099000000,5258000000,1841000000,2962000000,646000000,2271000000,,,,,,,,,10270000000,104816000000,,32169000000,,3756000000,882000000,2874000000,4388000000,102000000,0.6004906107257655,0.15572661140246996,0.19209947555405177,0.24310607342243276,2077000000,-0.05082296266559615,SEC companyfacts,2026-02-20,10-K,,,true,,,,,,,,,,,,,,,,,,,,
KO,COCA COLA CO,CY2026Q1,USD,12472000000,4620000000,7852000000,3493000000,4359000000,4611000000,645000000,3924000000,0.91,0.91,,,,,,,10574000000,104217000000,,33633000000,,2021000000,266000000,1755000000,2281000000,477000000,0.6295702373316229,0.3495028864656831,0.31462475946119306,0.14071520205259783,4623000000,0.054982236508205044,SEC companyfacts,2026-04-30,10-Q,,,false,,,,,,,,,,,,,,,,,,,,
COST,COSTCO WHOLESALE CORP /NEW,CY2025Q1,USD,63205000000,54996000000,8209000000,5679000000,2530000000,,677000000,1903000000,4.29,4.28,,,,,,,13836000000,75482000000,48357000000,27125000000,5717000000,,,,577000000,,0.12987896527173484,0.040028478759591805,0.030108377501779922,,3082000000,,SEC companyfacts,2025-06-05,10-Q,,,false,,,,,,,,,,,,,,,,,,,,
COST,COSTCO WHOLESALE CORP /NEW,CY2025Q2,USD,63205000000,54996000000,8209000000,5679000000,2530000000,,677000000,1903000000,4.29,4.28,,,,,,,,,,,,3460000000,1131000000,2329000000,577000000,211000000,0.12987896527173484,0.040028478759591805,0.030108377501779922,0.03684835060517364,3082000000,0,SEC companyfacts,2025-06-05,10-Q,,,true,,,,,,,,,,,,,,,,,,,,
COST,COSTCO WHOLESALE CORP /NEW,CY2025Q3,USD,86156000000,75037000000,11119000000,7778000000,3341000000,,900000000,2610000000,,,,,,,,,14161000000,77099000000,47935000000,29164000000,5713000000,3867000000,1966000000,1901000000,576000000,280000000,0.1290565950136961,0.0387784948233437,0.030293885510005107,0.022064626955754677,4115000000,0.36312000632861324,SEC companyfacts,2025-10-08,10-K,,,true,,,,,,,,,,,,,,,,,,,,
COST,COSTCO WHOLESALE CORP /NEW,CY2025Q4,USD,67307000000,58510000000,8797000000,6334000000,2463000000,,582000000,2001000000,4.51,4.5,,,,,,,16217000000,82790000000,52487000000,30303000000,5666000000,4688000000,1526000000,3162000000,577000000,210000000,0.13069963005333768,0.03659351924762655,0.029729448645757498,0.046978768924480364,3060000000,-0.21877756627512884,SEC companyfacts,2025-12-17,10-Q,,,false,,,,,,,,,,,,,,,,,,,,
COST,COSTCO WHOLESALE CORP /NEW,CY2026Q1,USD,69597000000,60719000000,8878000000,6272000000,2606000000,,686000000,2035000000,4.58,4.58,,,,,,,17383000000,83639000000,51552000000,32087000000,5688000000,,,,577000000,,0.12756296966823283,0.0374441427073006,0.029239766081871343,,3203000000,0.034023207095844415,SEC companyfacts,2026-03-11,10-Q,,,false,,,,,,,,,,,,,,,,,,,,
WMT,Walmart Inc.,CY2025Q1,USD,163981000000,124303000000,39678000000,32543000000,7135000000,5994000000,1355000000,4487000000,0.56,0.56,,,,,,,9311000000,262372000000,,83793000000,40605000000,5411000000,4986000000,425000000,1880000000,4555000000,0.2419670571590611,0.04351113848555625,0.02736292619266866,0.0025917636799385295,10504000000,,SEC companyfacts,2025-06-06,10-Q,,,true,,,,,,,,,,,,,,,,,,,,
WMT,Walmart Inc.,CY2025Q2,USD,175750000000,132771000000,42979000000,35693000000,7286000000,9319000000,2168000000,7026000000,0.88,0.88,,,,,,,9431000000,270837000000,,90110000000,39651000000,,,,,,0.2445462304409673,0.041456614509246086,0.03997724039829303,,10773000000,0.07177050999810954,SEC companyfacts,2025-08-29,10-Q,,,false,,,,,,,,,,,,,,,,,,,,
WMT,Walmart Inc.,CY2025Q3,USD,177769000000,134706000000,43063000000,36367000000,6696000000,8186000000,2098000000,6143000000,0.77,0.77,,,,,,,10582000000,288655000000,,96094000000,37968000000,,,,,,0.2422413356659485,0.037666859801202685,0.03455608120650957,,10302000000,0.011487908961593173,SEC companyfacts,2025-12-03,10-Q,,,false,,,,,,,,,,,,,,,,,,,,
WMT,Walmart Inc.,CY2025Q4,USD,188913000000,143615000000,45298000000,36590000000,8708000000,5970000000,1578000000,4237000000,,,,,,,,,10727000000,284668000000,,99617000000,34624000000,,,,,,0.23978233366682017,0.04609529254206963,0.02242831356232763,,12449000000,0.06268809522470171,SEC companyfacts,2026-03-13,10-K,,,true,,,,,,,,,,,,,,,,,,,,
WMT,Walmart Inc.,CY2026Q1,,,,,,,,,,,,,,,,,,,,,,,,,,,,,,,,,,SEC companyfacts,,,,,true,,,,,,,,,,,,,,,,,,,,
MCD,MCDONALDS CORP,CY2025Q1,USD,5956000000,620000000,5336000000,3308000000,2648000000,,461000000,1868000000,2.61,2.6,,,,,,,1238000000,56329000000,,-3454000000,38845000000,2428000000,551000000,1877000000,1266000000,477000000,0.8959032907991941,0.4445936870382807,0.31363331094694424,0.3151443922095366,2755000000,,SEC companyfacts,2026-05-07,10-Q,,,false,,,,,,,,,,,,,,,,,,,,
MCD,MCDONALDS CORP,CY2025Q2,USD,6843000000,654000000,6189000000,3611000000,3232000000,,608000000,2253000000,3.15,3.14,,,,,,,1876000000,59555000000,,-2760000000,40801000000,1998000000,744000000,1254000000,1265000000,505000000,0.904427882507672,0.47230746748502117,0.3292415607189829,0.1832529592284086,3338000000,0.1489254533243788,SEC companyfacts,2025-08-06,10-Q,,,false,,,,,,,,,,,,,,,,,,,,
MCD,MCDONALDS CORP,CY2025Q3,USD,7078000000,666000000,6412000000,3721000000,3357000000,,671000000,2278000000,3.2,3.18,,,,,,,2413000000,60608000000,,-2163000000,39483000000,3428000000,1011000000,2417000000,1262000000,501000000,0.9059056230573609,0.47428652161627577,0.32184232834133936,0.3414806442497881,3478000000,0.03434166301329826,SEC companyfacts,2025-11-05,10-Q,,,true,,,,,,,,,,,,,,,,,,,,
MCD,MCDONALDS CORP,CY2025Q4,USD,7008000000,,,3852000000,3156000000,,594000000,2164000000,,,,,,,,,774000000,59515000000,,-1791000000,39973000000,2697000000,1059000000,1638000000,1322000000,573000000,,0.4503424657534247,0.3087899543378995,0.23373287671232876,3279000000,-0.009889799378355468,SEC companyfacts,2026-02-24,10-K,,,true,,,,,,,,,,,,,,,,,,,,
MCD,MCDONALDS CORP,CY2026Q1,USD,6517000000,676000000,5841000000,3564000000,2953000000,,559000000,1983000000,2.79,2.78,,,,,,,1170000000,60037000000,,-1286000000,40105000000,2412000000,682000000,1730000000,1323000000,396000000,0.8962712904710757,0.4531226024244284,0.30428111094061683,0.26545956728556086,3064000000,-0.07006278538812785,SEC companyfacts,2026-05-07,10-Q,,,false,,,,,,,,,,,,,,,,,,,,
CMG,CHIPOTLE MEXICAN GRILL INC,CY2025Q1,USD,2875253000,,,2396003000,479250000,501503000,114904000,386599000,0.29,0.28,,,,,,,725597000,9044094000,5553222000,3490872000,,557075000,144810000,412265000,,553796000,,0.16668098424729927,0.1344573851414119,0.14338390395558234,566461000,,SEC companyfacts,2026-04-30,10-Q,,,false,,,,,,,,,,,,,,,,,,,,
CMG,CHIPOTLE MEXICAN GRILL INC,CY2025Q2,USD,3063393000,,,2504336000,559057000,577412000,141285000,436127000,0.32,0.32,,,,,,,844524000,9268794000,5740599000,3528195000,,,,,,,,0.18249601014300157,0.14236730318310448,,650002000,0.06543424178672277,SEC companyfacts,2025-07-24,10-Q,,,false,,,,,,,,,,,,,,,,,,,,
CMG,CHIPOTLE MEXICAN GRILL INC,CY2025Q3,USD,3003444000,,,2526272000,477172000,496961000,114858000,382103000,0.29,0.29,,,,,,,698743000,9281848000,6060010000,3221838000,,569680000,163486000,406194000,,686665000,,0.15887494489659204,0.12722161625121028,0.13524274133294978,567696000,-0.019569477373618076,SEC companyfacts,2025-10-30,10-Q,,,true,,,,,,,,,,,,,,,,,,,,
CMG,CHIPOTLE MEXICAN GRILL INC,CY2025Q4,USD,2983511000,,,2563192000,420319000,433643000,102711000,331171000,,,,,,,,,350545000,8994531000,6163924000,2830607000,0,425844000,197455000,228389000,,741796000,,0.14088066040312908,0.11100042868955402,0.07655041325471902,513021000,-0.0066367143852191016,SEC companyfacts,2026-02-04,10-K,,,true,,,,,,,,,,,,,,,,,,,,
CMG,CHIPOTLE MEXICAN GRILL INC,CY2026Q1,USD,3088242000,,,2691179000,397063000,405805000,102981000,302824000,0.23,0.23,,,,,,,246636000,8803219000,6395584000,2407635000,,651350000,180332000,471018000,,701027000,,0.1285725017663771,0.09805708231414507,0.15251978309989955,493781000,0.03510327262074784,SEC companyfacts,2026-04-30,10-Q,,,false,,,,,,,,,,,,,,,,,,,,
ABNB,"Airbnb, Inc.",CY2025Q1,USD,2272000000,506000000,1766000000,2234000000,38000000,173000000,19000000,154000000,0.25,0.24,,,,,,,7600000000,25056000000,17119000000,7937000000,0,1789000000,,,,807000000,0.7772887323943662,0.016725352112676055,0.06778169014084508,,,,SEC companyfacts,2026-05-07,10-Q,,,false,,,,,,,,,,,,,,,,,,,,
ABNB,"Airbnb, Inc.",CY2025Q2,USD,3096000000,544000000,2552000000,2484000000,612000000,779000000,137000000,642000000,1.04,1.03,,,,,,,7402000000,26992000000,19210000000,7782000000,0,,,,,,0.8242894056847545,0.19767441860465115,0.20736434108527133,,,0.3626760563380282,SEC companyfacts,2025-08-06,10-Q,,,false,,,,,,,,,,,,,,,,,,,,
ABNB,"Airbnb, Inc.",CY2025Q3,USD,4095000000,549000000,3546000000,2470000000,1625000000,1792000000,418000000,1374000000,2.25,2.21,,,,,,,7528000000,23064000000,14454000000,8610000000,0,1356000000,,,,877000000,0.865934065934066,0.3968253968253968,0.3355311355311355,,,0.3226744186046512,SEC companyfacts,2025-11-06,10-Q,,,true,,,,,,,,,,,,,,,,,,,,
ABNB,"Airbnb, Inc.",CY2025Q4,USD,2778000000,487000000,2291000000,2509000000,269000000,393000000,52000000,341277000,,,,,,,,,6560000000,22208000000,14009000000,8199000000,0,526000000,,,,1095000000,0.8246940244780417,0.09683225341972643,0.12284989200863931,,,-0.32161172161172163,SEC companyfacts,2026-02-12,10-K,,,true,,,,,,,,,,,,,,,,,,,,
ABNB,"Airbnb, Inc.",CY2026Q1,USD,2678000000,581000000,2097000000,2592000000,86000000,281000000,121000000,160000000,0.27,0.26,,,,,,,7037000000,26828000000,19192000000,7636000000,2475000000,1708000000,,,,1088000000,0.7830470500373413,0.03211351755041075,0.05974607916355489,,,-0.03599712023038157,SEC companyfacts,2026-05-07,10-Q,,,false,,,,,,,,,,,,,,,,,,,,
LLY,ELI LILLY & Co,CY2025Q1,USD,12729000000,2225000000,10504000000,,,3456000000,697000000,2759000000,3.07,3.06,,,,,,,3093300000,89388800000,,15764800000,34499500000,1666000000,1510000000,156000000,1346000000,1200000000,0.8252022939743892,,0.2167491554717574,0.012255479613481028,,,SEC companyfacts,2026-04-30,10-Q,,,false,,,,,,,,,,,,,,,,,,,,
LLY,ELI LILLY & Co,CY2025Q2,USD,15557700000,2447800000,13109900000,,,6776400000,1115900000,5660500000,6.3,6.29,,,,,,,3375900000,100922600000,,18272900000,34180100000,,,,,,0.8426631185843666,,0.36383912789165496,,,0.22222484091444733,SEC companyfacts,2025-08-07,10-Q,,,false,,,,,,,,,,,,,,,,,,,,
LLY,ELI LILLY & Co,CY2025Q3,USD,17600800000,3008300000,14592500000,,,7232400000,1649900000,5582500000,6.22,6.21,,,,,,,9791900000,114935400000,,23793300000,40873600000,8835900000,2087700000,6748200000,1345200000,708100000,0.8290816326530612,,0.3171730830416799,0.38340302713513025,,0.1313240389003516,SEC companyfacts,2025-10-30,10-Q,,,true,,,,,,,,,,,,,,,,,,,,
LLY,ELI LILLY & Co,CY2025Q4,USD,19291500000,3370900000,15920600000,,,8266200000,1628200000,6638000000,,,,,,,,,7268000000,112476000000,,26535000000,42503000000,3224600000,2546700000,677900000,1345500000,1507700000,0.825265013088666,,0.34408936578285776,0.035139828421843815,,0.0960581337211945,SEC companyfacts,2026-02-12,10-K,,,true,,,,,,,,,,,,,,,,,,,,
LLY,ELI LILLY & Co,CY2026Q1,USD,19799000000,3577000000,16222000000,,,8850000000,1454000000,7396000000,8.27,8.26,,,,,,,5282000000,116576000000,,31198000000,39370000000,5333000000,2326000000,3007000000,1548000000,2356000000,0.819334309813627,,0.37355421991009646,0.15187635739178745,,0.026306922737993416,SEC companyfacts,2026-04-30,10-Q,,,false,,,,,,,,,,,,,,,,,,,,
MRK,"Merck & Co., Inc.",CY2025Q1,USD,15529000000,3419000000,12110000000,,,5903000000,818000000,5079000000,2.01,2.01,,,,,,,8629000000,115122000000,,48335000000,34800000000,2500000000,1328000000,1172000000,2050000000,1164000000,0.7798312834052418,,0.3270654903728508,0.07547169811320754,,,SEC companyfacts,2026-05-04,10-Q,,,false,,,,,,,,,,,,,,,,,,,,
MRK,"Merck & Co., Inc.",CY2025Q2,USD,15806000000,3557000000,12249000000,,,4999000000,571000000,4427000000,1.76,1.76,,,,,,,8007000000,117523000000,,48993000000,35400000000,,,,,,0.7749588763760598,,0.2800835125901556,,,0.017837594178633523,SEC companyfacts,2025-08-05,10-Q,,,false,,,,,,,,,,,,,,,,,,,,
MRK,"Merck & Co., Inc.",CY2025Q3,USD,17276000000,3855000000,13421000000,,,6745000000,958000000,5785000000,2.32,2.32,,,,,,,18169000000,129546000000,,51850000000,41400000000,7822000000,987000000,6835000000,2031000000,1323000000,0.7768580689974531,,0.33485760592729796,0.39563556378791387,,0.09300265721877768,SEC companyfacts,2025-11-05,10-Q,,,true,,,,,,,,,,,,,,,,,,,,
MRK,"Merck & Co., Inc.",CY2025Q4,USD,16400000000,5551000000,10849000000,,,3420000000,457000000,2963000000,,,,,,,,,14565000000,136866000000,,52606000000,49300000000,2857000000,1033000000,1824000000,2018000000,1252000000,0.6615243902439024,,0.18067073170731707,0.11121951219512195,,-0.05070618198657097,SEC companyfacts,2026-02-24,10-K,,,true,,,,,,,,,,,,,,,,,,,,
MRK,"Merck & Co., Inc.",CY2026Q1,USD,16286000000,4195000000,12091000000,,,-3534000000,709000000,-4240000000,-1.72,-1.72,,,,,,,5327000000,128685000000,,45878000000,49100000000,3918000000,991000000,2927000000,2105000000,874000000,0.7424167997052683,,-0.2603463097138647,0.17972491710671742,,-0.006951219512195122,SEC companyfacts,2026-05-04,10-Q,,,false,,,,,,,,,,,,,,,,,,,,
VRTX,VERTEX PHARMACEUTICALS INC / MA,CY2025Q1,USD,2770200000,363000000,2407200000,2140100000,630100000,730400000,84100000,646300000,2.52,2.49,,,,,,,4674700000,22880500000,6384200000,16496300000,,818900000,40700000,778200000,,426100000,0.8689625297812432,0.22745650133564363,0.2333044545520179,0.28091834524583065,678500000,,SEC companyfacts,2026-05-05,10-Q,,,false,,,,,,,,,,,,,,,,,,,,
VRTX,VERTEX PHARMACEUTICALS INC / MA,CY2025Q2,USD,2964700000,407500000,2557200000,1813600000,1151100000,1283000000,250100000,1032900000,4.02,3.99,,,,,,,4972200000,24036700000,6861300000,17175400000,,,,,,,0.8625493304550207,0.3882686275171181,0.3483995007926603,,1202800000,0.07021153707313552,SEC companyfacts,2025-08-05,10-Q,,,false,,,,,,,,,,,,,,,,,,,,
VRTX,VERTEX PHARMACEUTICALS INC / MA,CY2025Q3,USD,3076400000,414800000,2661600000,1890200000,1186200000,1298800000,215900000,1082900000,4.24,4.2,,,,,,,4939600000,24862300000,7543500000,17318800000,,1241400000,101800000,1139600000,,1071100000,0.8651670784033285,0.38558054869327785,0.35200234039786765,0.3704329736055129,1240200000,0.03767666205686916,SEC companyfacts,2025-11-04,10-Q,,,true,,,,,,,,,,,,,,,,,,,,
VRTX,VERTEX PHARMACEUTICALS INC / MA,CY2025Q4,USD,3190000000,466000000,2724000000,1984100000,1205900000,1331000000,139900000,1191100000,,,,,,,,,5084800000,25643000000,6977200000,18665800000,,498000000,149400000,348600000,,128400000,0.8539184952978056,0.37802507836990595,0.3733855799373041,0.10927899686520376,1261600000,0.03692627746716942,SEC companyfacts,2026-02-13,10-K,,,true,,,,,,,,,,,,,,,,,,,,
VRTX,VERTEX PHARMACEUTICALS INC / MA,CY2026Q1,USD,2986900000,392800000,2594100000,1848800000,1138100000,1252900000,221500000,1031400000,4.06,4.02,,,,,,,5492900000,26484400000,7122500000,19361900000,,1428100000,133400000,1294700000,,336900000,0.8684924168870736,0.3810304998493421,0.3453078442532391,0.4334594395527135,1194000000,-0.06366771159874608,SEC companyfacts,2026-05-05,10-Q,,,false,,,,,,,,,,,,,,,,,,,,
UNH,UNITEDHEALTH GROUP INC,CY2025Q1,USD,109575000000,12390000000,97185000000,100456000000,9119000000,8106000000,1632000000,6292000000,6.9,6.85,,,,,,,30717000000,309790000000,204621000000,100811000000,71285000000,5456000000,898000000,4558000000,1912000000,3000000000,0.8869267624914442,0.08322153775952544,0.057421857175450605,0.04159707962582706,,,SEC companyfacts,2026-05-05,10-Q,,,false,,,,,,,,,,,,,,,,,,,,
UNH,UNITEDHEALTH GROUP INC,CY2025Q2,USD,111616000000,13019000000,98597000000,106466000000,5150000000,4082000000,510000000,3406000000,3.76,3.74,,,,,,,28596000000,308573000000,203789000000,100469000000,73495000000,,,,2000000000,,0.8833590166284404,0.04614033830275229,0.030515338302752295,,,0.01862651152178873,SEC companyfacts,2025-08-11,10-Q,,,false,,,,,,,,,,,,,,,,,,,,
UNH,UNITEDHEALTH GROUP INC,CY2025Q3,USD,113161000000,12566000000,100595000000,108846000000,4315000000,3229000000,686000000,2348000000,2.59,2.59,,,,,,,27210000000,315269000000,209456000000,101569000000,72399000000,5945000000,890000000,5055000000,2002000000,0,0.8889546751972853,0.03813151173991039,0.020749198045262943,0.04467086717155204,,0.013842101490825688,SEC companyfacts,2025-10-28,10-Q,,,true,,,,,,,,,,,,,,,,,,,,
UNH,UNITEDHEALTH GROUP INC,CY2025Q4,USD,113215000000,12680000000,100535000000,112835000000,380000000,-720000000,-938000000,10000000,,,,,,,,,24365000000,309581000000,207883000000,100090000000,77681000000,1108000000,948000000,160000000,2002000000,0,0.8880007066201475,0.00335644570065804,0.00008832751843836947,0.0014132402950139116,,0.0004771962071738496,SEC companyfacts,2026-03-02,10-K,,,true,,,,,,,,,,,,,,,,,,,,
UNH,UNITEDHEALTH GROUP INC,CY2026Q1,USD,111721000000,12823000000,98898000000,102731000000,8990000000,7963000000,1482000000,6280000000,6.92,6.9,,,,,,,28001000000,312644000000,207325000000,103895000000,71440000000,8912000000,763000000,8149000000,2005000000,0,0.8852230108932072,0.08046830944943206,0.056211455321738976,0.07294062888803358,,-0.013196131254692399,SEC companyfacts,2026-05-05,10-Q,,,false,,,,,,,,,,,,,,,,,,,,
JPM,JPMORGAN CHASE & CO,CY2025Q1,USD,45310000000,,,23597000000,,18408000000,3765000000,14643000000,5.08,5.07,,,,,,,425903000000,4357856000000,4006436000000,351420000000,,-251839000000,,,3823000000,7528000000,,,0.32317369234164645,,,,SEC companyfacts,2026-05-01,10-Q,,,false,,,,,,,,,,,,,,,,,,,,
JPM,JPMORGAN CHASE & CO,CY2025Q2,USD,44912000000,,,23779000000,,18284000000,3297000000,14987000000,5.25,5.24,,,,,,,420327000000,4552482000000,4195558000000,356924000000,,,,,,,,,0.33369700748129677,,,-0.008783932906643125,SEC companyfacts,2025-08-05,10-Q,,,false,,,,,,,,,,,,,,,,,,,,
JPM,JPMORGAN CHASE & CO,CY2025Q3,USD,46427000000,,,24281000000,,18743000000,4350000000,14393000000,5.08,5.07,,,,,,,303436000000,4560205000000,4199993000000,360212000000,,-45214000000,,,4180000000,8293000000,,,0.31001356969005106,,,0.0337326327039544,SEC companyfacts,2025-11-04,10-Q,,,true,,,,,,,,,,,,,,,,,,,,
JPM,JPMORGAN CHASE & CO,CY2025Q4,USD,45798000000,,,23983000000,,17160000000,4135000000,12977000000,,,,,,,,,343338000000,4424900000000,4062462000000,362438000000,,119724000000,,,4417000000,8264000000,,,0.28335298484649984,,,-0.013548150860490663,SEC companyfacts,2026-02-13,10-K,,,true,,,,,,,,,,,,,,,,,,,,
JPM,JPMORGAN CHASE & CO,CY2026Q1,USD,49836000000,,,26850000000,,20479000000,3985000000,16494000000,5.95,5.94,,,,,,,312142000000,4900475000000,4536437000000,364038000000,,-211761000000,,,4374000000,8325000000,,,0.33096556705995667,,,0.08816978907375868,SEC companyfacts,2026-05-01,10-Q,,,false,,,,,,,,,,,,,,,,,,,,
V,VISA INC.,CY2025Q1,USD,9594000000,,,4159000000,5435000000,5438000000,861000000,4577000000,,,,,,,,,11734000000,92853000000,54823000000,38030000000,20762000000,,,,1164000000,,,0.5664998957681885,0.47706900145924536,,,,SEC companyfacts,2026-04-29,10-Q,,,false,,,,,,,,,,,,,,,,,,,,
V,VISA INC.,CY2025Q2,USD,10172000000,,,3995000000,6177000000,6333000000,1061000000,5272000000,,,,,,,,,17092000000,100024000000,61360000000,38664000000,25138000000,6730000000,421000000,6309000000,1154000000,4782000000,,0.6072552103814393,0.5182854895792371,0.6202320094376721,,0.060245987075255365,SEC companyfacts,2025-07-30,10-Q,,,true,,,,,,,,,,,,,,,,,,,,
V,VISA INC.,CY2025Q3,USD,10724000000,,,4576000000,6148000000,6223000000,1133000000,5090000000,,,,,,,,,17164000000,99627000000,61718000000,37909000000,25171000000,6238000000,389000000,5849000000,1146000000,4927000000,,0.5732935471838866,0.4746363297277135,0.5454121596419247,,0.05426661423515533,SEC companyfacts,2025-11-06,10-K,,,true,,,,,,,,,,,,,,,,,,,,
V,VISA INC.,CY2025Q4,USD,10901000000,,,4164000000,6737000000,6726000000,873000000,5853000000,,,,,,,,,14756000000,96814000000,58037000000,38777000000,21177000000,6780000000,378000000,6402000000,1293000000,3725000000,,0.6180166957159894,0.5369232180533896,0.5872855701311807,,0.01650503543453935,SEC companyfacts,2026-01-30,10-Q,,,false,,,,,,,,,,,,,,,,,,,,
V,VISA INC.,CY2026Q1,USD,11230000000,,,3996000000,7234000000,7174000000,1153000000,6021000000,,,,,,,,,12404000000,95049000000,59388000000,35661000000,23976000000,,,,1286000000,,,0.6441674087266251,0.536153161175423,,,0.030180717365379323,SEC companyfacts,2026-04-29,10-Q,,,false,,,,,,,,,,,,,,,,,,,,
SQ,"Block, Inc.",CY2025Q1,USD,5771796000,3482193000,2289603000,1960301000,329302000,227050000,38328000,189872000,0.31,0.3,,,,,,,7088831000,36395567000,14960493000,21469194000,5108385000,133336000,31882000,101454000,,445298000,0.39668813658694796,0.05705364500062026,0.0328965195582103,0.017577544320693247,418250000,,SEC companyfacts,2026-05-07,10-Q,,,false,,,,,,,,,,,,,,,,,,,,
SQ,"Block, Inc.",CY2025Q2,USD,6054457000,3517927000,2536530000,2052237000,484293000,659382000,121048000,538458000,0.88,0.87,,,,,,,6384224000,36858391000,14735499000,22157136000,5110866000,,,,,,0.41895251712911663,0.07998950194872967,0.08893580382187866,,,0.0489727980684002,SEC companyfacts,2025-08-07,10-Q,,,false,,,,,,,,,,,,,,,,,,,,
SQ,"Block, Inc.",CY2025Q3,USD,6114952000,3453382000,2661570000,2252130000,409440000,601526000,139928000,461544000,0.76,0.74,,,,,,,8335934000,39182823000,16709615000,22507398000,7285500000,1451056000,50646000,1400410000,,403027000,0.4352560739642764,0.06695718952495457,0.07547794324468941,0.22901406257972262,501559000,0.009991812643148676,SEC companyfacts,2025-11-06,10-Q,,,true,,,,,,,,,,,,,,,,,,,,
SQ,"Block, Inc.",CY2025Q4,USD,6252478000,3380252000,2872226000,2386855000,485371000,201953000,86397000,115762000,,,,,,,,,6564092000,39549887000,17380005000,22204278000,7289018000,621000000,41200000,579800000,,790132000,0.45937402738562216,0.07762858181988005,0.01851457933958344,0.09273123392037524,581436000,0.022490119301018227,SEC companyfacts,2026-02-26,10-K,,,true,,,,,,,,,,,,,,,,,,,,
SQ,"Block, Inc.",CY2026Q1,USD,6056847000,3147608000,2909239000,3081229000,-171990000,-392577000,-83982000,-308681000,-0.52,-0.52,,,,,,,6858357000,39986081000,18305053000,21715338000,7292520000,965595000,30574000,935021000,,635988000,0.4803223525375497,-0.028395962453732115,-0.050963975150767386,0.15437421483488026,-76013000,-0.03128855471382706,SEC companyfacts,2026-05-07,10-Q,,,false,,,,,,,,,,,,,,,,,,,,
